City_ID,City,Country,Date,Lat,Lng,Max Temp,Humidity,Cloudiness,Wind Speed
0,Moindou,NC,2022-05-31 18:20:13,-21.6924,165.677,75.58,85,74,3.74
1,Mahebourg,MU,2022-05-31 18:20:14,-20.4081,57.7,75.49,57,40,17.27
2,Tari,NG,2022-05-31 18:20:14,12.4086,4.4914,99.03,23,56,1.77
3,Jamestown,US,2022-05-31 18:20:15,42.097,-79.2353,82.06,48,100,13.8
4,Kurdzhinovo,RU,2022-05-31 18:20:15,43.9884,40.9552,57.7,85,74,4.97
5,Stanilesti,RO,2022-05-31 18:20:16,46.6183,28.1714,69.13,75,81,5.32
6,Dikson,RU,2022-05-31 18:20:17,73.5069,80.5464,30.6,95,100,19.64
7,Jalu,LY,2022-05-31 18:20:17,29.0331,21.5482,89.06,12,96,7.49
8,Kargasok,RU,2022-05-31 18:20:18,59.0556,80.8572,50.83,54,92,10.16
9,Morozovsk,RU,2022-05-31 18:20:18,48.3539,41.8261,73.33,64,56,12.01
10,Puerto Ayora,EC,2022-05-31 18:20:18,-0.7393,-90.3518,84.16,82,97,13.04
11,Kattivakkam,IN,2022-05-31 18:20:19,13.2167,80.3167,88.07,82,92,17.74
12,Qui Nhon,VN,2022-05-31 18:20:19,13.7667,109.2333,80.02,88,59,2.86
13,Qaanaaq,GL,2022-05-31 18:20:20,77.484,-69.3632,26.02,60,8,1.9
14,East London,ZA,2022-05-31 18:20:20,-33.0153,27.9116,58.14,54,0,9.22
15,Ixtapa,MX,2022-05-31 18:17:25,20.7,-105.2,83.43,65,0,10.36
16,Coihaique,CL,2022-05-31 18:20:21,-45.5752,-72.0662,30.81,100,100,2.3
17,Den Helder,NL,2022-05-31 18:19:16,52.9599,4.7593,59.02,65,100,8.99
18,Vaini,TO,2022-05-31 18:20:22,-21.2,-175.2,73.56,94,75,5.75
19,Dawei,MM,2022-05-31 18:20:22,14.0833,98.2,77.27,90,100,1.41
20,Albany,US,2022-05-31 18:19:08,42.6001,-73.9662,91.45,45,90,5.01
21,Barrow,US,2022-05-31 18:17:57,71.2906,-156.7887,30.22,86,100,18.41
22,Nemuro,JP,2022-05-31 18:20:23,43.3236,145.575,45.23,98,100,12.37
23,Ahuimanu,US,2022-05-31 18:20:24,21.4447,-157.8378,80.31,73,75,10.36
24,Port Elizabeth,ZA,2022-05-31 18:20:24,-33.918,25.5701,59.29,72,0,12.66
25,Cape Town,ZA,2022-05-31 18:16:49,-33.9258,18.4232,57.11,79,0,5.75
26,Abhar,IR,2022-05-31 18:20:25,36.1468,49.218,61.14,57,28,5.68
27,Yellowknife,CA,2022-05-31 18:20:10,62.456,-114.3525,55.92,38,20,8.05
28,Ponta Do Sol,PT,2022-05-31 18:20:26,32.6667,-17.1,70.43,89,48,14.63
29,Port Alfred,ZA,2022-05-31 18:20:26,-33.5906,26.891,56.17,71,20,5.01
30,Dawson Creek,CA,2022-05-31 18:20:27,55.7666,-120.2362,62.24,36,0,6.91
31,Busselton,AU,2022-05-31 18:20:27,-33.65,115.3333,52.03,80,54,5.93
32,San Patricio,US,2022-05-31 18:20:27,28.017,-97.5169,92.16,49,30,17.58
33,Algeciras,ES,2022-05-31 18:20:28,36.1333,-5.4505,73.08,60,0,16.11
34,Meulaboh,ID,2022-05-31 18:20:29,4.1363,96.1285,76.87,84,67,2.86
35,Saskylakh,RU,2022-05-31 18:20:29,71.9167,114.0833,13.05,100,79,3.62
36,Kodiak,US,2022-05-31 18:20:30,57.79,-152.4072,47.71,81,100,9.22
37,Porto Novo,BJ,2022-05-31 18:18:22,6.4965,2.6036,77.97,86,96,7.05
38,Los Llanos De Aridane,ES,2022-05-31 18:20:31,28.6585,-17.9182,71.35,79,40,8.05
39,Hermanus,ZA,2022-05-31 18:20:31,-34.4187,19.2345,50.81,70,46,11.9
40,Novikovo,RU,2022-05-31 18:20:32,51.1537,37.8879,65.07,85,54,5.61
41,Kroonstad,ZA,2022-05-31 18:20:33,-27.6504,27.2349,44.28,30,0,7.02
42,Mataura,NZ,2022-05-31 18:20:33,-46.1927,168.8643,48.47,84,100,4.18
43,Punta Arenas,CL,2022-05-31 18:20:34,-53.15,-70.9167,42.91,65,0,9.22
44,Morgan City,US,2022-05-31 18:20:34,29.6994,-91.2068,91.99,74,75,10.36
45,Saint-Philippe,RE,2022-05-31 18:20:35,-21.3585,55.7679,69.39,74,44,15.12
46,Severo-Kurilsk,RU,2022-05-31 18:20:35,50.6789,156.125,41.5,94,100,3.06
47,San Quintin,MX,2022-05-31 18:21:36,30.4833,-115.95,66.2,65,58,12.59
48,Atuona,PF,2022-05-31 18:21:36,-9.8,-139.0333,77.54,71,13,12.84
49,Ushuaia,AR,2022-05-31 18:21:37,-54.8,-68.3,42.46,70,75,21.85
50,Mar Del Plata,AR,2022-05-31 18:20:20,-38.0023,-57.5575,54.09,52,20,12.66
51,Waitati,NZ,2022-05-31 18:21:37,-45.75,170.5667,53.8,77,100,7.45
52,Rikitea,PF,2022-05-31 18:21:38,-23.1203,-134.9692,75.51,78,54,7.18
53,Jiutai,CN,2022-05-31 18:21:38,44.1525,125.8328,53.94,62,56,7.52
54,Chokurdakh,RU,2022-05-31 18:21:39,70.6333,147.9167,40.55,75,100,12.08
55,Arraial Do Cabo,BR,2022-05-31 18:21:39,-22.9661,-42.0278,75.16,88,40,13.8
56,Ziro,IN,2022-05-31 18:21:40,27.6333,93.8333,56.84,96,23,1.81
57,Cabo San Lucas,MX,2022-05-31 18:21:40,22.8909,-109.9124,88.61,44,0,11.5
58,Bredasdorp,ZA,2022-05-31 18:21:40,-34.5322,20.0403,52.99,74,64,8.52
59,Ternate,ID,2022-05-31 18:21:41,0.8,127.4,80.55,78,82,3.76
60,Mezen,RU,2022-05-31 18:21:41,65.8522,44.24,51.44,55,26,7.81
61,Luderitz,NA,2022-05-31 18:21:42,-26.6481,15.1594,71.47,28,0,14.38
62,Mwene-Ditu,CD,2022-05-31 18:21:42,-7.0,23.45,72.9,44,8,3.76
63,Muravlenko,RU,2022-05-31 18:21:43,63.7898,74.523,46.36,50,47,12.35
64,Georgetown,MY,2022-05-31 18:20:33,5.4112,100.3354,78.75,94,40,11.5
65,San Cristobal,VE,2022-05-31 18:21:43,7.7669,-72.225,82.58,41,100,5.88
66,Bambous Virieux,MU,2022-05-31 18:21:44,-20.3428,57.7575,75.45,57,40,17.27
67,Narsaq,GL,2022-05-31 18:21:44,60.9167,-46.05,59.22,58,100,4.12
68,Ribeira Grande,PT,2022-05-31 18:21:44,38.5167,-28.7,64.8,68,40,16.11
69,Kodinsk,RU,2022-05-31 18:21:45,58.6881,99.1844,43.83,79,37,5.55
70,Amapa,BR,2022-05-31 18:21:45,1.0,-52.0,82.04,78,90,3.98
71,Antalaha,MG,2022-05-31 18:21:46,-14.9003,50.2788,69.57,78,1,7.9
72,Lagoa,PT,2022-05-31 18:21:46,39.05,-27.9833,60.4,83,33,20.71
73,Tuktoyaktuk,CA,2022-05-31 18:21:47,69.4541,-133.0374,32.0,86,100,9.22
74,Moyo,UG,2022-05-31 18:21:47,3.6609,31.7247,70.0,74,75,2.33
75,Hamilton,US,2022-05-31 18:21:48,39.1834,-84.5333,90.14,54,40,11.5
76,Airai,TL,2022-05-31 18:21:48,-8.9266,125.4092,60.51,93,100,1.59
77,Provideniya,RU,2022-05-31 18:21:49,64.3833,-173.3,43.72,69,51,1.88
78,Santa Ana,US,2022-05-31 18:21:15,33.7456,-117.8678,80.4,59,20,12.66
79,Karaton,ID,2022-05-31 18:21:50,-6.3424,106.1045,73.74,94,98,3.42
80,Yerbogachen,RU,2022-05-31 18:21:50,61.2767,108.0108,46.18,78,53,3.15
81,Berlevag,NO,2022-05-31 18:21:47,70.8578,29.0864,48.0,76,0,17.27
82,Vardo,NO,2022-05-31 18:21:51,70.3705,31.1107,40.98,87,100,8.05
83,Salalah,OM,2022-05-31 18:21:51,17.0151,54.0924,84.29,79,40,6.91
84,Linhares,BR,2022-05-31 18:21:51,-19.3911,-40.0722,87.87,40,3,2.37
85,Bluff,NZ,2022-05-31 18:21:52,-46.6,168.3333,48.79,80,100,8.25
86,Yaan,NG,2022-05-31 18:21:52,7.3833,8.5667,81.73,67,93,3.58
87,Namatanai,PG,2022-05-31 18:21:53,-3.6667,152.4333,78.57,80,39,2.95
88,Hithadhoo,MV,2022-05-31 18:21:53,-0.6,73.0833,83.91,69,93,10.11
89,Esperance,AU,2022-05-31 18:21:53,-33.8667,121.9,56.21,73,95,5.12
90,Bubaque,GW,2022-05-31 18:21:54,11.2833,-15.8333,80.51,76,52,10.51
91,Huarmey,PE,2022-05-31 18:21:54,-10.0681,-78.1522,68.31,70,71,9.31
92,Adrar,MR,2022-05-31 18:22:55,20.5022,-10.0711,101.07,12,91,12.93
93,Lompoc,US,2022-05-31 18:22:55,34.6391,-120.4579,74.7,70,0,18.01
94,Kemijarvi,FI,2022-05-31 18:22:56,66.7131,27.4306,63.3,39,49,10.85
95,Havelock,US,2022-05-31 18:22:56,34.8791,-76.9013,91.98,64,40,9.22
96,Srednekolymsk,RU,2022-05-31 18:22:57,67.45,153.6833,58.89,53,100,9.82
97,Rio Grande,BR,2022-05-31 18:22:57,-32.035,-52.0986,53.71,52,58,7.29
98,Manica,FR,2022-05-31 18:22:58,49.0,-1.1667,57.25,61,6,8.43
99,Hobart,AU,2022-05-31 18:22:58,-42.8794,147.3294,48.06,90,75,10.36
100,Denpasar,ID,2022-05-31 18:18:59,-8.65,115.2167,82.06,83,40,5.75
101,Bethel,US,2022-05-31 18:22:59,41.3712,-73.414,93.2,51,0,10.36
102,Baykit,RU,2022-05-31 18:22:59,61.67,96.37,45.73,86,99,8.01
103,Brae,GB,2022-05-31 18:23:00,60.3964,-1.353,51.96,68,65,7.49
104,Tiksi,RU,2022-05-31 18:23:00,71.6872,128.8694,29.91,98,100,6.98
105,Rio Gallegos,AR,2022-05-31 18:23:01,-51.6226,-69.2181,44.65,65,20,12.66
106,Thompson,CA,2022-05-31 18:23:01,55.7435,-97.8558,33.96,93,100,12.66
107,Avarua,CK,2022-05-31 18:23:02,-21.2078,-159.775,71.65,83,29,4.61
108,Kamaishi,JP,2022-05-31 18:23:03,39.2667,141.8833,55.51,94,72,7.54
109,Machinga,MW,2022-05-31 18:23:03,-15.1685,35.3,65.77,56,54,4.41
110,Gavrilov-Yam,RU,2022-05-31 18:23:04,57.3018,39.8533,60.64,93,100,4.68
111,Matara,LK,2022-05-31 18:23:05,5.9485,80.5353,77.79,88,100,14.67
112,Swellendam,ZA,2022-05-31 18:23:05,-34.0226,20.4417,55.85,45,56,4.92
113,Vaitape,PF,2022-05-31 18:20:53,-16.5167,-151.75,79.72,68,75,12.8
114,Iskateley,RU,2022-05-31 18:23:06,67.6803,53.1512,45.54,64,56,10.85
115,Touros,BR,2022-05-31 18:23:07,-5.1989,-35.4608,83.35,68,54,9.44
116,Savonlinna,FI,2022-05-31 18:23:07,61.8699,28.88,57.25,88,75,10.36
117,Upata,VE,2022-05-31 18:23:08,8.0086,-62.3989,91.33,30,94,6.87
118,Butaritari,KI,2022-05-31 18:23:09,3.0707,172.7902,79.93,81,55,8.72
119,Hilo,US,2022-05-31 18:22:16,19.7297,-155.09,83.28,86,100,5.75
120,Lebu,CL,2022-05-31 18:23:10,-37.6167,-73.65,47.84,61,7,8.72
121,New Norfolk,AU,2022-05-31 18:23:10,-42.7826,147.0587,47.7,85,100,1.99
122,Ayr,GB,2022-05-31 18:18:42,55.4627,-4.6339,57.31,62,20,6.91
123,Chuy,UY,2022-05-31 18:23:12,-33.6971,-53.4616,52.59,43,9,7.87
124,Havoysund,NO,2022-05-31 18:23:12,70.9963,24.6622,53.17,62,71,16.2
125,Tasiilaq,GL,2022-05-31 18:23:13,65.6145,-37.6368,39.36,91,100,2.1
126,Gat,IL,2022-05-31 18:22:03,31.61,34.7642,77.4,48,0,5.88
127,Sambava,MG,2022-05-31 18:23:14,-14.2667,50.1667,72.5,74,3,12.86
128,Victoria,HK,2022-05-31 18:22:13,22.2855,114.1577,83.32,86,84,7.0
129,Mount Isa,AU,2022-05-31 18:23:15,-20.7333,139.5,53.37,58,64,5.75
130,Vila Franca Do Campo,PT,2022-05-31 18:23:15,37.7167,-25.4333,63.19,80,79,18.21
131,Tautira,PF,2022-05-31 18:23:16,-17.7333,-149.15,77.63,82,34,15.3
132,Bilecik,TR,2022-05-31 18:23:16,40.0,30.1667,68.65,81,7,5.26
133,Severodvinsk,RU,2022-05-31 18:23:17,64.5635,39.8302,69.91,54,0,6.6
134,Xingcheng,CN,2022-05-31 18:23:17,40.6167,120.7167,62.2,60,66,3.78
135,Nchelenge,ZM,2022-05-31 18:23:18,-9.3451,28.734,70.02,59,12,5.23
136,Itoman,JP,2022-05-31 18:23:18,26.1247,127.6694,77.4,100,75,12.66
137,Chimbote,PE,2022-05-31 18:20:55,-9.0853,-78.5783,68.09,69,72,9.91
138,Cuajinicuilapa,MX,2022-05-31 18:23:20,16.4667,-98.4167,91.36,44,97,8.52
139,Mareeba,AU,2022-05-31 18:23:20,-17.0,145.4333,63.45,97,84,1.77
140,Alice Springs,AU,2022-05-31 18:24:19,-23.7,133.8833,49.55,87,75,6.91
141,Qorveh,IR,2022-05-31 18:24:21,35.1664,47.8045,65.35,25,91,8.14
142,Upernavik,GL,2022-05-31 18:24:21,72.7868,-56.1549,26.82,76,22,11.43
143,Lavrentiya,RU,2022-05-31 18:24:22,65.5833,-171.0,40.46,77,31,1.14
144,Tarakan,ID,2022-05-31 18:24:22,3.3,117.6333,78.3,94,20,3.44
145,Chiang Mai,TH,2022-05-31 18:24:23,18.75,99.0,79.74,99,20,3.44
146,Padang,ID,2022-05-31 18:24:23,-0.9492,100.3543,73.45,87,85,3.33
147,Kavieng,PG,2022-05-31 18:24:24,-2.5744,150.7967,80.87,74,22,8.21
148,Mackenzie,CA,2022-05-31 18:20:08,55.2999,-123.1698,62.82,45,0,4.61
149,Eydhafushi,MV,2022-05-31 18:24:25,5.1033,73.0708,82.04,77,100,18.43
150,Kutahya,TR,2022-05-31 18:24:25,39.4242,29.9833,62.33,79,14,5.7
151,Bac Lieu,VN,2022-05-31 18:24:26,9.285,105.7244,80.96,85,47,6.76
152,Katsuura,JP,2022-05-31 18:24:26,35.1333,140.3,66.15,91,78,8.14
153,Chiredzi,ZW,2022-05-31 18:24:27,-21.05,31.6667,62.6,68,22,2.33
154,Ulladulla,AU,2022-05-31 18:24:28,-35.35,150.4667,47.3,59,1,18.63
155,Agadir,MA,2022-05-31 18:20:12,30.4202,-9.5982,77.45,46,2,6.24
156,Mardin,TR,2022-05-31 18:24:28,37.3131,40.7436,78.19,22,0,5.3
157,Kavaratti,IN,2022-05-31 18:24:29,10.5669,72.642,83.43,74,100,15.79
158,Kayerkan,RU,2022-05-31 18:24:29,69.3497,87.7602,32.52,100,98,11.03
159,Wanning,CN,2022-05-31 18:24:30,18.8003,110.3967,80.24,92,100,7.2
160,Elko,US,2022-05-31 18:23:05,41.0002,-115.5012,55.42,43,55,3.15
161,Ust-Tsilma,RU,2022-05-31 18:24:30,65.441,52.1498,54.5,46,18,4.07
162,Silva Jardim,BR,2022-05-31 18:24:31,-22.6508,-42.3917,75.18,78,100,7.7
163,Soe,ID,2022-05-31 18:24:31,-9.8607,124.284,65.46,94,100,2.33
164,Gainesville,US,2022-05-31 18:19:57,29.6516,-82.3248,93.02,50,40,5.75
165,Snasa,NO,2022-05-31 18:24:33,64.2457,12.3778,62.01,73,91,5.46
166,Pietarsaari,FI,2022-05-31 18:24:33,63.65,22.6833,60.48,82,100,15.39
167,Loralai,PK,2022-05-31 18:21:10,30.3705,68.598,75.42,8,0,9.4
168,Paducah,US,2022-05-31 18:22:41,37.0834,-88.6001,89.2,53,20,6.91
169,Mogapi,BW,2022-05-31 18:24:34,-22.323,27.8349,57.51,26,2,8.08
170,Port-Gentil,GA,2022-05-31 18:24:34,-0.7193,8.7815,76.44,84,80,11.05
171,Tucumcari,US,2022-05-31 18:24:35,35.1717,-103.725,75.94,27,0,12.66
172,Lakatoro,VU,2022-05-31 18:24:35,-16.0999,167.4164,78.33,85,17,5.99
173,Hauterive,FR,2022-05-31 18:24:36,46.0901,3.4459,72.36,55,89,2.37
174,Sinjar,IQ,2022-05-31 18:24:37,36.3209,41.8754,88.3,12,0,3.29
175,Lethem,GY,2022-05-31 18:24:37,3.3803,-59.7968,86.58,62,90,9.33
176,Jojoima,SL,2022-05-31 18:24:38,7.8792,-10.7878,81.14,75,98,4.61
177,Bengkulu,ID,2022-05-31 18:24:38,-3.8004,102.2655,75.69,91,100,5.19
178,Torbay,CA,2022-05-31 18:24:39,47.6666,-52.7314,50.76,80,100,10.36
179,Siddipet,IN,2022-05-31 18:24:39,18.1,78.85,87.39,41,74,3.67
180,Puerto Colombia,CO,2022-05-31 18:24:40,10.9878,-74.9547,87.89,67,99,6.49
181,Xai-Xai,MZ,2022-05-31 18:24:40,-25.0519,33.6442,69.49,57,21,18.68
182,Noumea,NC,2022-05-31 18:24:41,-22.2763,166.4572,78.01,99,53,2.71
183,Ishurdi,BD,2022-05-31 18:24:41,24.1333,89.0833,83.55,73,12,5.57
184,Lakhnau,IN,2022-05-31 18:24:41,26.85,80.9167,93.18,66,0,2.3
185,West Bay,KY,2022-05-31 18:24:42,19.3667,-81.4167,87.87,75,20,9.22
186,Drumheller,CA,2022-05-31 18:25:42,51.4617,-112.7101,65.53,24,4,10.36
187,Amaraji,BR,2022-05-31 18:25:43,-8.3831,-35.4525,78.4,82,59,8.3
188,Cidreira,BR,2022-05-31 18:25:43,-30.1811,-50.2056,53.56,64,95,10.13
189,Kaitangata,NZ,2022-05-31 18:25:43,-46.2817,169.8464,51.44,80,100,7.09
190,Comodoro Rivadavia,AR,2022-05-31 18:25:44,-45.8667,-67.5,48.06,53,40,13.8
191,Helong,CN,2022-05-31 18:25:44,42.5397,128.9972,47.12,93,74,5.5
192,Alekseyevka,RU,2022-05-31 18:25:45,50.6309,38.6903,61.79,92,78,3.89
193,Nanning,CN,2022-05-31 18:25:45,22.8167,108.3167,79.25,92,97,5.35
194,Senno,RU,2022-05-31 18:25:46,59.5336,33.9167,56.26,97,100,4.74
195,Matamoros,MX,2022-05-31 18:21:14,25.5333,-103.25,93.31,26,0,11.5
196,Pevek,RU,2022-05-31 18:25:47,69.7008,170.3133,32.07,94,100,2.91
197,Rochester,US,2022-05-31 18:23:53,43.1548,-77.6156,88.54,55,75,11.5
198,Iqaluit,CA,2022-05-31 18:25:47,63.7506,-68.5145,37.13,74,20,4.61
199,Sobolevo,RU,2022-05-31 18:25:48,54.4299,31.8996,53.17,80,25,1.14
200,Yumen,CN,2022-05-31 18:25:48,40.2833,97.2,67.78,18,58,11.99
201,Nikolskoye,RU,2022-05-31 18:25:49,59.7035,30.7861,59.79,71,86,5.64
202,Olean,US,2022-05-31 18:25:49,42.0776,-78.4297,86.68,50,40,4.61
203,Igrim,RU,2022-05-31 18:25:50,63.1906,64.4162,50.34,51,48,2.68
204,Owando,CG,2022-05-31 18:25:51,-0.4819,15.8999,73.63,88,59,1.41
205,Lincoln,US,2022-05-31 18:24:07,40.8,-96.667,74.89,53,0,9.22
206,Matiri,TZ,2022-05-31 18:25:51,-10.75,34.9,57.0,79,59,2.64
207,Tabuk,PH,2022-05-31 18:25:52,17.4189,121.4443,75.61,78,94,3.02
208,Klaksvik,FO,2022-05-31 18:25:52,62.2266,-6.589,52.72,82,7,6.38
209,Leningradskiy,RU,2022-05-31 18:25:53,69.3833,178.4167,35.24,97,100,4.0
210,Faanui,PF,2022-05-31 18:25:53,-16.4833,-151.75,79.88,67,81,12.37
211,Siderno,IT,2022-05-31 18:25:54,38.2779,16.302,76.77,57,77,4.25
212,Vung Tau,VN,2022-05-31 18:25:54,10.346,107.0843,82.71,81,60,9.6
213,Carnarvon,AU,2022-05-31 18:25:55,-24.8667,113.6333,58.62,72,0,17.72
214,Mount Gambier,AU,2022-05-31 18:25:55,-37.8333,140.7667,46.81,66,90,12.95
215,Kungurtug,RU,2022-05-31 18:25:56,50.5994,97.5228,50.49,52,73,2.04
216,Semirom,IR,2022-05-31 18:25:56,31.4167,51.5667,59.85,14,33,6.26
217,Dasoguz,TM,2022-05-31 18:25:56,41.8363,59.9666,82.35,32,0,4.61
218,Sao Miguel Do Araguaia,BR,2022-05-31 18:23:48,-13.275,-50.1628,94.98,19,2,3.62
219,Chake Chake,TZ,2022-05-31 18:25:57,-5.2459,39.7666,75.83,80,3,7.78
220,Naryan-Mar,RU,2022-05-31 18:25:58,67.6713,53.087,45.97,63,56,10.8
221,Deputatskiy,RU,2022-05-31 18:25:58,69.3,139.9,34.95,98,100,2.98
222,Nova Vicosa,BR,2022-05-31 18:25:58,-17.8919,-39.3719,80.67,70,2,10.29
223,Verkhnevilyuysk,RU,2022-05-31 18:25:59,63.4453,120.3167,41.34,97,99,4.74
224,Sidi Ali,DZ,2022-05-31 18:25:59,36.0998,0.4206,74.41,47,2,6.69
225,Khatanga,RU,2022-05-31 18:24:19,71.9667,102.5,33.62,84,92,8.08
226,Chara,RU,2022-05-31 18:26:00,56.9064,118.2631,39.47,79,88,1.5
227,Puerto Escondido,MX,2022-05-31 18:26:00,15.85,-97.0667,83.23,54,100,5.75
228,San Andres,CO,2022-05-31 18:26:01,12.5847,-81.7006,87.82,74,75,9.22
229,Margate,GB,2022-05-31 18:24:05,51.3813,1.3862,51.69,85,70,1.01
230,Jahanabad,IN,2022-05-31 18:27:02,25.2167,84.9833,87.64,32,3,10.47
231,Alofi,NU,2022-05-31 18:27:03,-19.0595,-169.9187,75.09,88,5,9.22
232,Arawa,PG,2022-05-31 18:27:03,-6.2132,155.5367,74.88,90,55,2.91
233,Mago,RU,2022-05-31 18:27:04,53.2514,140.1822,45.16,80,100,5.17
234,Kolyvan,RU,2022-05-31 18:27:04,55.3053,82.7391,60.42,95,98,8.81
235,Evensk,RU,2022-05-31 18:27:05,61.95,159.2333,41.31,75,15,1.41
236,Husavik,IS,2022-05-31 18:27:05,66.0449,-17.3389,49.17,77,73,9.01
237,Gorontalo,ID,2022-05-31 18:27:06,0.5412,123.0595,74.64,95,6,1.83
238,Uyuni,BO,2022-05-31 18:27:06,-20.4597,-66.825,48.45,18,89,20.2
239,Contamana,PE,2022-05-31 18:27:07,-7.3333,-75.0167,87.28,66,86,4.07
240,Etaples,FR,2022-05-31 18:27:07,50.5219,1.6332,59.4,72,0,11.5
241,Adre,TD,2022-05-31 18:27:08,13.4667,22.2,89.2,10,52,7.72
242,Shitanjing,CN,2022-05-31 18:27:09,39.2342,106.3439,62.02,24,0,5.32
243,Kapit,MY,2022-05-31 18:27:09,2.0167,112.9333,74.14,98,64,0.89
244,Arlit,NE,2022-05-31 18:27:10,18.7369,7.3853,98.19,6,18,5.14
245,Ahipara,NZ,2022-05-31 18:27:10,-35.1667,173.1667,63.14,85,9,15.99
246,Gwadar,PK,2022-05-31 18:27:11,25.1216,62.3254,82.69,80,0,9.35
247,Taksimo,RU,2022-05-31 18:27:11,56.3444,114.8794,44.06,62,19,1.86
248,Marsh Harbour,BS,2022-05-31 18:27:12,26.5412,-77.0636,75.96,80,100,12.93
249,Camana,PE,2022-05-31 18:27:13,-16.6228,-72.7111,66.09,72,100,6.51
250,Sibu,MY,2022-05-31 18:27:13,2.3,111.8167,77.31,94,20,0.0
251,Tsalka,GE,2022-05-31 18:27:14,41.5946,44.0891,56.89,76,37,3.8
252,Hami,CN,2022-05-31 18:27:14,42.8,93.45,83.37,18,90,8.41
253,Varlamovo,RU,2022-05-31 18:27:15,53.1897,48.4226,59.0,70,28,2.46
254,Roma,US,2022-05-31 18:27:16,43.2128,-75.4557,87.94,49,20,14.97
255,Abu Zabad,SD,2022-05-31 18:27:16,12.35,29.25,91.83,24,30,6.42
256,Kapaa,US,2022-05-31 18:25:55,22.0752,-159.319,78.78,81,40,12.66
257,Le Port,RE,2022-05-31 18:27:17,-20.9373,55.2919,73.36,66,11,9.66
258,Ilulissat,GL,2022-05-31 18:27:17,69.2167,-51.1,35.62,75,75,11.5
259,Nioki,CD,2022-05-31 18:27:18,-2.7167,17.6833,78.46,65,91,2.1
260,Nieuwpoort,BE,2022-05-31 18:27:19,51.1244,2.7735,62.01,51,20,11.5
261,Cartagena,CO,2022-05-31 18:23:30,10.3997,-75.5144,87.42,70,40,11.5
262,Kande,TG,2022-05-31 18:27:20,9.9578,1.0447,86.11,55,96,4.72
263,Ferkessedougou,CI,2022-05-31 18:27:20,9.6,-5.2,91.09,40,77,4.76
264,Souillac,MU,2022-05-31 18:27:20,-20.5167,57.5167,75.58,57,40,17.27
265,Avera,US,2022-05-31 18:27:21,33.194,-82.5271,89.55,44,0,5.48
266,Saint-Francois,FR,2022-05-31 18:27:22,46.4154,3.9054,71.04,43,0,5.75
267,Vestmanna,FO,2022-05-31 18:27:22,62.1564,-7.1664,50.92,76,40,9.22
268,Bairiki,KI,2022-05-31 18:27:23,1.3292,172.9752,80.6,83,40,9.22
269,Batagay-Alyta,RU,2022-05-31 18:27:23,67.8006,130.4114,34.95,98,100,1.68
270,Bataipora,BR,2022-05-31 18:27:24,-22.2953,-53.2711,63.72,82,100,4.23
271,Atascadero,US,2022-05-31 18:27:25,35.4894,-120.6707,75.51,33,0,5.99
272,Cayenne,GF,2022-05-31 18:28:25,4.9333,-52.3333,78.84,1,75,4.61
273,Santa Maria,BR,2022-05-31 18:23:48,-29.6842,-53.8069,52.9,43,0,5.75
274,Monywa,MM,2022-05-31 18:28:26,22.1167,95.1333,86.58,60,50,13.11
275,Msanga,TZ,2022-05-31 18:28:26,-6.05,36.0333,67.48,69,37,7.23
276,Kilembe,UG,2022-05-31 18:28:27,0.2,30.0,61.88,85,47,4.92
277,Manono,CD,2022-05-31 18:28:27,-7.3,27.4167,79.09,46,63,7.9
278,Nikolayevsk-Na-Amure,RU,2022-05-31 18:28:28,53.1406,140.73,41.58,95,99,4.45
279,Dingle,PH,2022-05-31 18:28:28,10.9995,122.6711,76.35,91,96,1.77
280,Mataram,ID,2022-05-31 18:28:28,-8.5833,116.1167,76.01,82,100,2.71
281,Geraldton,AU,2022-05-31 18:23:52,-28.7667,114.6,46.81,81,12,9.22
282,Castro,BR,2022-05-31 18:28:29,-24.7911,-50.0119,55.53,98,100,6.67
283,Kautokeino,NO,2022-05-31 18:28:29,69.0125,23.0412,58.75,56,81,10.98
284,Ngunguru,NZ,2022-05-31 18:28:30,-35.6167,174.5,62.73,84,23,13.04
285,Oromocto,CA,2022-05-31 18:28:30,45.8351,-66.4792,64.26,37,40,11.5
286,Solnechnyy,RU,2022-05-31 18:28:31,50.7214,136.6319,48.69,99,100,2.33
287,Codrington,AU,2022-05-31 18:28:31,-38.2667,141.9667,49.64,61,85,26.04
288,Kestel,TR,2022-05-31 18:28:32,40.1983,29.2124,74.68,79,18,2.51
289,Rauma,FI,2022-05-31 18:28:32,61.1272,21.5113,55.44,92,100,12.88
290,Jinxiang,CN,2022-05-31 18:28:33,27.4327,120.6062,70.14,99,100,1.9
291,Krasnaya Polyana,RU,2022-05-31 18:28:33,56.242,51.1442,54.95,91,63,3.62
292,Wichita Falls,US,2022-05-31 18:26:19,33.9137,-98.4934,89.73,52,75,19.57
293,Hirado,JP,2022-05-31 18:24:14,33.3597,129.5531,68.49,56,100,4.97
294,Altay,CN,2022-05-31 18:28:34,47.8667,88.1167,62.26,71,94,3.27
295,Gigmoto,PH,2022-05-31 18:28:34,13.7796,124.39,81.14,87,100,10.04
296,Hervey Bay,AU,2022-05-31 18:28:35,-25.2986,152.8535,59.02,69,79,3.0
297,Talnakh,RU,2022-05-31 18:28:35,69.4865,88.3972,33.21,87,97,12.66
298,Keti Bandar,PK,2022-05-31 18:28:36,24.1447,67.4497,81.86,85,0,18.07
299,Rudnogorsk,RU,2022-05-31 18:28:36,57.2639,103.7519,39.99,92,69,5.26
300,Buala,SB,2022-05-31 18:28:36,-8.145,159.5921,79.92,77,76,1.19
301,Trelew,AR,2022-05-31 18:28:37,-43.249,-65.3051,48.96,54,96,14.58
302,Kaitong,CN,2022-05-31 18:28:37,44.8135,123.15,57.81,51,16,5.3
303,Otane,NZ,2022-05-31 18:28:38,-39.8833,176.6333,58.01,93,100,6.02
304,Chernyshevskiy,RU,2022-05-31 18:28:38,63.0128,112.4714,43.88,63,5,2.84
305,Tombouctou,ML,2022-05-31 18:28:38,20.0,-3.0,105.55,8,69,14.99
306,Samarai,PG,2022-05-31 18:28:39,-10.6167,150.6667,79.39,83,49,8.03
307,Kansk,RU,2022-05-31 18:28:39,56.2017,95.7175,48.65,69,45,3.11
308,Eureka,US,2022-05-31 18:28:40,40.8021,-124.1637,64.2,73,25,5.01
309,Grants,US,2022-05-31 18:25:57,35.1473,-107.8514,71.83,12,0,17.27
310,Traverse City,US,2022-05-31 18:26:22,44.7631,-85.6206,87.84,54,75,12.66
311,Tucuman,AR,2022-05-31 18:28:41,-26.8241,-65.2226,48.2,66,75,6.91
312,Lashio,MM,2022-05-31 18:28:41,22.9333,97.75,69.58,96,96,1.74
313,Kamenka,RU,2022-05-31 18:28:41,51.3223,42.7678,62.8,79,45,13.09
314,Sao Filipe,CV,2022-05-31 18:28:42,14.8961,-24.4956,76.15,77,17,10.09
315,Cherskiy,RU,2022-05-31 18:28:42,68.75,161.3,50.34,54,90,6.31
316,Robat Karim,IR,2022-05-31 18:28:43,35.4846,51.0829,84.06,12,0,4.61
317,Tay Ninh,VN,2022-05-31 18:24:18,11.3,106.1,80.31,87,79,6.44
318,Saldanha,ZA,2022-05-31 18:28:43,-33.0117,17.9442,51.85,70,33,2.51
319,Sunggal,ID,2022-05-31 18:28:44,3.5765,98.6151,78.78,89,40,3.44
320,Labuhan,ID,2022-05-31 18:29:44,-6.8844,112.2051,79.16,83,95,1.45
321,Kyshtovka,RU,2022-05-31 18:29:45,56.555,76.6271,52.27,98,99,2.51
322,Joinville,BR,2022-05-31 18:29:45,-26.3044,-48.8456,59.11,82,100,2.3
323,Macau,MO,2022-05-31 18:26:50,22.2006,113.5461,82.85,100,40,9.22
324,Bereda,ES,2022-05-31 18:29:46,43.2686,-7.5406,64.42,99,94,3.76
325,Aksarka,RU,2022-05-31 18:29:46,66.5606,67.7975,50.32,52,28,2.71
326,Talara,PE,2022-05-31 18:29:47,-4.5772,-81.2719,79.56,53,0,19.57
327,Vila Velha,BR,2022-05-31 18:29:47,-20.3297,-40.2925,80.55,84,0,10.36
328,Anopino,RU,2022-05-31 18:29:48,55.6981,40.6671,54.9,86,100,5.06
329,Songjianghe,CN,2022-05-31 18:29:48,42.1859,127.479,44.55,96,96,5.08
330,Santa Rosa,PH,2022-05-31 18:28:58,14.3122,121.1114,81.1,83,100,4.61
331,Morondava,MG,2022-05-31 18:29:49,-20.2833,44.2833,74.05,73,0,13.89
332,Kondinskoye,RU,2022-05-31 18:29:50,59.6481,67.41,47.82,62,9,9.15
333,Laguna,US,2022-05-31 18:29:50,38.421,-121.4238,81.28,24,0,16.11
334,Makakilo City,US,2022-05-31 18:29:50,21.3469,-158.0858,79.12,66,0,9.22
335,Ulaangom,MN,2022-05-31 18:29:51,49.9811,92.0667,65.17,48,98,3.74
336,Tezu,IN,2022-05-31 18:29:51,27.9167,96.1667,75.0,92,48,3.78
337,Ayabaca,PE,2022-05-31 18:29:52,-4.6398,-79.7149,58.64,66,86,7.0
338,Atambua,ID,2022-05-31 18:29:52,-9.1061,124.8925,72.95,87,99,2.26
339,Pangnirtung,CA,2022-05-31 18:29:53,66.1451,-65.7125,35.6,80,20,11.5
340,Surat,IN,2022-05-31 18:28:01,21.1667,72.8333,82.15,84,51,20.78
341,Majene,ID,2022-05-31 18:29:53,-3.5403,118.9707,78.48,88,77,3.96
342,Fare,PF,2022-05-31 18:29:54,-16.7,-151.0167,79.93,70,59,12.59
343,Zeya,RU,2022-05-31 18:29:54,53.75,127.2667,47.77,98,100,3.09
344,Krasnovishersk,RU,2022-05-31 18:29:55,60.4078,57.082,48.78,66,13,3.96
345,Guerrero Negro,MX,2022-05-31 18:29:38,27.9769,-114.0611,68.5,61,28,17.96
346,Baoning,CN,2022-05-31 18:29:55,25.3378,110.026,75.06,100,100,0.0
347,Santa Cruz,BO,2022-05-31 18:29:33,-17.8,-63.1667,57.25,88,100,13.8
348,Rawson,AR,2022-05-31 18:29:56,-43.3002,-65.1023,49.15,59,94,16.42
349,Olafsvik,IS,2022-05-31 18:29:56,64.8945,-23.7142,47.62,90,95,3.27
350,Sinnamary,GF,2022-05-31 18:29:56,5.3833,-52.95,75.2,94,100,7.4
351,Eskil,TR,2022-05-31 18:29:57,38.4017,33.4131,73.26,37,25,15.73
352,Port Keats,AU,2022-05-31 18:29:57,-14.25,129.55,76.71,85,100,3.13
353,Bud,US,2022-05-31 18:29:58,39.447,-86.1758,89.91,55,1,13.06
354,Guiratinga,BR,2022-05-31 18:29:58,-16.3494,-53.7583,91.2,29,39,1.97
355,Gold Coast,AU,2022-05-31 18:29:59,-28.0,153.4333,57.99,88,100,3.44
356,Katangli,RU,2022-05-31 18:29:59,51.7102,143.2326,36.05,97,100,15.97
357,Barra Do Garcas,BR,2022-05-31 18:29:59,-15.89,-52.2567,91.98,31,0,9.22
358,Tagusao,PH,2022-05-31 18:30:00,9.1924,117.8141,79.3,84,100,5.32
359,Ust-Maya,RU,2022-05-31 18:30:00,60.4167,134.5333,48.36,74,100,9.71
360,Bandiagara,ML,2022-05-31 18:30:01,14.3501,-3.6104,99.48,18,90,12.57
361,Palmer,US,2022-05-31 18:30:02,42.1584,-72.3287,94.24,44,75,9.22
362,Port Lincoln,AU,2022-05-31 18:30:03,-34.7333,135.8667,54.07,62,97,12.08
363,Ayagoz,KZ,2022-05-31 18:30:03,47.9714,80.4392,57.45,82,100,16.11
364,Dzhebariki-Khaya,RU,2022-05-31 18:31:04,62.2167,135.8,47.71,76,100,2.68
365,Mathbaria,BD,2022-05-31 18:31:05,22.2876,89.9593,81.48,85,95,4.61
366,Kassala,SD,2022-05-31 18:31:05,15.451,36.4,98.64,13,19,8.7
367,Suoyarvi,RU,2022-05-31 18:31:06,62.0833,32.35,54.72,97,100,7.56
368,Clyde River,CA,2022-05-31 18:31:06,70.4692,-68.5914,32.23,74,0,8.05
369,Sao Joao Da Barra,BR,2022-05-31 18:31:07,-21.6403,-41.0511,80.69,65,100,14.34
370,Aquiraz,BR,2022-05-31 18:31:07,-3.9014,-38.3911,86.09,78,10,9.08
371,Aykhal,RU,2022-05-31 18:31:08,66.0,111.5,47.12,53,52,7.0
372,Tomar,PT,2022-05-31 18:31:08,39.602,-8.4092,78.19,64,95,10.49
373,Norman Wells,CA,2022-05-31 18:31:09,65.282,-126.8329,64.44,48,40,16.11
374,Arroyo,ES,2022-05-31 18:31:10,41.6096,-4.7969,79.2,34,0,6.91
375,Pisco,PE,2022-05-31 18:31:10,-13.7,-76.2167,65.01,77,75,8.05
376,Nanortalik,GL,2022-05-31 18:31:12,60.1432,-45.2371,41.2,77,100,3.02
377,Hofn,IS,2022-05-31 18:31:13,64.2539,-15.2082,47.26,86,100,3.67
378,Lasa,IT,2022-05-31 18:31:13,46.6166,10.7002,61.68,94,94,3.09
379,Awbari,LY,2022-05-31 18:31:14,26.5921,12.7805,89.6,15,3,15.61
380,Belmonte,BR,2022-05-31 18:31:14,-15.8631,-38.8828,78.42,74,45,6.76
381,Fairbanks,US,2022-05-31 18:30:50,64.8378,-147.7164,68.49,44,0,3.44
382,Lac Du Bonnet,CA,2022-05-31 18:30:08,50.2536,-96.0612,40.71,95,100,20.58
383,Baherden,TM,2022-05-31 18:31:16,38.4362,57.4316,82.92,20,0,5.19
384,Flin Flon,CA,2022-05-31 18:31:17,54.7682,-101.865,44.44,65,75,20.71
385,Hambantota,LK,2022-05-31 18:31:17,6.1241,81.1185,78.73,81,100,23.49
386,Rovinj,HR,2022-05-31 18:31:18,45.08,13.64,73.22,90,19,7.85
387,Waharoa,NZ,2022-05-31 18:31:18,-37.7667,175.7667,61.75,98,18,6.67
388,Cornelio Procopio,BR,2022-05-31 18:31:19,-23.1811,-50.6467,63.18,96,100,6.69
389,Broken Hill,AU,2022-05-31 18:31:19,-31.95,141.4333,44.1,83,29,9.57
390,Shingu,JP,2022-05-31 18:31:20,33.7333,135.9833,60.24,56,100,7.38
391,Lake Charles,US,2022-05-31 18:30:46,30.2131,-93.2044,91.4,58,75,14.97
392,Farmington,US,2022-05-31 18:31:21,36.7281,-108.2187,73.78,14,0,6.91
393,Reyes,BO,2022-05-31 18:31:21,-14.3167,-67.3833,66.36,94,100,6.91
394,Broome,US,2022-05-31 18:31:22,42.2506,-75.833,90.01,48,40,10.36
395,Seoul,KR,2022-05-31 18:30:11,37.5683,126.9778,63.84,52,0,3.44
396,Pompeia,BR,2022-05-31 18:31:22,-22.1086,-50.1717,75.69,61,100,4.68
397,Athmallik,IN,2022-05-31 18:31:23,20.7219,84.5348,94.03,30,100,2.06
398,Xacmaz,AZ,2022-05-31 18:31:23,41.4635,48.806,67.32,51,64,3.11
399,Longyearbyen,SJ,2022-05-31 18:31:24,78.2186,15.6401,48.04,71,0,2.3
400,Pringsewu,ID,2022-05-31 18:31:24,-5.3582,104.9744,72.97,98,100,3.94
401,Cabra,ES,2022-05-31 18:31:25,37.4725,-4.4421,74.19,31,1,12.01
402,Redcar,GB,2022-05-31 18:31:25,54.6166,-1.06,54.45,58,95,1.99
403,Uthal,PK,2022-05-31 18:31:26,25.8072,66.6219,83.82,73,9,7.11
404,Gornyak,RU,2022-05-31 18:31:26,50.9942,81.4661,63.14,76,100,4.56
405,Tongchuan,CN,2022-05-31 18:31:27,35.0806,109.0897,65.3,59,58,4.21
406,College,US,2022-05-31 18:29:13,64.8569,-147.8028,66.2,45,75,3.44
407,Sabha,LY,2022-05-31 18:31:28,27.0377,14.4283,88.63,17,99,12.8
408,Mugur-Aksy,RU,2022-05-31 18:31:28,50.35,90.5,48.29,84,100,2.33
409,Beterou,BJ,2022-05-31 18:31:29,9.1992,2.2586,77.22,80,87,6.64
410,Lorengau,PG,2022-05-31 18:31:29,-2.0226,147.2712,78.44,78,87,6.24
411,Ancud,CL,2022-05-31 18:32:30,-41.8697,-73.8203,46.58,66,6,2.08
412,Kirakira,SB,2022-05-31 18:32:30,-10.4544,161.9205,78.21,86,99,5.86
413,Bratsk,RU,2022-05-31 18:31:49,56.1325,101.6142,39.69,76,4,5.17
414,Petropavlovsk-Kamchatskiy,RU,2022-05-31 18:31:20,53.0452,158.6483,41.59,81,75,2.24
415,Balboa,CO,2022-05-31 18:32:31,2.0396,-77.2168,71.58,71,100,1.63
416,Pop,UZ,2022-05-31 18:32:32,40.8736,71.1089,68.49,30,4,1.63
417,Grand Gaube,MU,2022-05-31 18:32:32,-20.0064,57.6608,75.6,49,2,7.0
418,Beringovskiy,RU,2022-05-31 18:32:32,63.05,179.3167,38.61,80,49,1.25
419,Axim,GH,2022-05-31 18:32:33,4.8699,-2.2405,78.67,83,25,7.27
420,Cam Ranh,VN,2022-05-31 18:32:33,11.9214,109.1591,80.56,89,20,0.0
421,Dicabisagan,PH,2022-05-31 18:32:34,17.0818,122.4157,79.48,80,92,4.16
422,Tura,IN,2022-05-31 18:32:34,25.5198,90.2201,73.09,94,14,4.21
423,Naco,MX,2022-05-31 18:32:34,31.3347,-109.9483,87.85,16,0,11.79
424,Darnah,LY,2022-05-31 18:32:35,32.767,22.6367,73.76,58,0,12.97
425,Clonakilty,IE,2022-05-31 18:32:36,51.6231,-8.8706,56.41,71,20,10.98
426,Harper,LR,2022-05-31 18:32:36,4.375,-7.7169,78.84,82,100,7.34
427,Platteville,US,2022-05-31 18:32:20,42.7342,-90.4785,75.76,88,75,23.02
428,Kuryk,KZ,2022-05-31 18:32:37,43.2,51.65,79.11,23,0,7.31
429,Motala,SE,2022-05-31 18:32:37,58.5371,15.0365,58.77,91,100,3.89
430,Vostok,RU,2022-05-31 18:32:38,46.4856,135.8833,42.31,97,100,2.44
431,Ndola,ZM,2022-05-31 18:29:45,-12.9587,28.6366,58.75,57,14,8.08
432,Acapulco,MX,2022-05-31 18:32:38,16.8634,-99.8901,87.62,55,100,3.44
433,Waycross,US,2022-05-31 18:32:39,31.2136,-82.354,88.03,61,92,3.0
434,Lichinga,MZ,2022-05-31 18:32:39,-13.3128,35.2406,60.89,82,20,8.05
435,Ratnagiri,IN,2022-05-31 18:32:39,16.9833,73.3,82.0,80,14,7.18
436,Yar-Sale,RU,2022-05-31 18:32:40,66.8333,70.8333,44.15,54,10,18.77
437,Dunedin,NZ,2022-05-31 18:30:42,-45.8742,170.5036,53.8,76,100,7.0
438,Zhigansk,RU,2022-05-31 18:32:41,66.7697,123.3711,34.57,95,10,9.01
439,Wajima,JP,2022-05-31 18:32:41,37.4,136.9,60.82,75,100,8.37
440,Alanya,TR,2022-05-31 18:32:42,36.5438,31.9998,75.33,68,0,2.21
441,Nara,JP,2022-05-31 18:32:42,34.6851,135.8049,58.5,60,88,2.71
442,Kruisfontein,ZA,2022-05-31 18:32:43,-34.0033,24.7314,52.88,75,6,11.54
443,Davila,PH,2022-05-31 18:32:43,18.4726,120.5763,80.58,75,98,2.01
444,Ribeira Brava,PT,2022-05-31 18:32:45,32.65,-17.0667,70.43,90,59,14.16
445,Marsa Matruh,EG,2022-05-31 18:32:45,31.3525,27.2453,71.8,83,75,11.5
446,Kapoeta,SS,2022-05-31 18:32:45,4.7717,33.5903,80.1,50,11,7.61
447,At-Bashi,KG,2022-05-31 18:32:46,41.1702,75.8106,45.84,74,21,2.24
448,Bon Accord,CA,2022-05-31 18:32:46,53.8335,-113.4187,64.54,29,20,6.91
449,Gallup,US,2022-05-31 18:32:47,35.5281,-108.7426,69.64,13,0,1.01
450,Cabedelo,BR,2022-05-31 18:30:35,-6.9811,-34.8339,79.47,80,35,7.9
451,Manacapuru,BR,2022-05-31 18:32:48,-3.2997,-60.6206,82.11,81,100,5.59
452,Buchanan,LR,2022-05-31 18:32:48,5.8808,-10.0467,79.0,84,5,8.68
453,Saveh,IR,2022-05-31 18:32:49,35.0213,50.3566,79.11,14,4,6.38
454,Chabahar,IR,2022-05-31 18:32:49,25.2919,60.643,84.02,81,0,8.43
455,Kathu,TH,2022-05-31 18:32:50,7.9178,98.3332,83.75,85,65,15.52
456,Twentynine Palms,US,2022-05-31 18:32:50,34.1356,-116.0542,83.93,16,0,5.01
457,Callaguip,PH,2022-05-31 18:36:31,18.0714,120.4867,80.62,94,75,3.44
458,Kostomuksha,RU,2022-05-31 18:36:32,64.571,30.5767,55.0,78,99,11.56
459,Aginskoye,RU,2022-05-31 18:36:32,51.1,114.53,45.79,78,90,6.76
460,Homer,US,2022-05-31 18:32:11,59.6425,-151.5483,66.04,74,0,4.61
461,Qasigiannguit,GL,2022-05-31 18:36:33,68.8193,-51.1922,35.85,75,13,9.06
462,Port Hardy,CA,2022-05-31 18:36:33,50.6996,-127.4199,53.6,87,75,6.91
463,Umm Kaddadah,SD,2022-05-31 18:36:34,13.6017,26.6876,88.27,9,7,11.41
464,Ossora,RU,2022-05-31 18:36:34,59.2353,163.0719,40.42,85,99,4.79
465,Chilca,PE,2022-05-31 18:36:35,-12.5211,-76.7372,64.96,74,88,8.21
466,Shelburne,CA,2022-05-31 18:36:35,44.0787,-80.2041,85.3,46,100,11.81
467,Rochegda,RU,2022-05-31 18:36:35,62.8,43.25,61.93,63,95,1.23
468,Lucea,JM,2022-05-31 18:36:36,18.451,-78.1736,87.66,74,96,4.61
469,Haines Junction,CA,2022-05-31 18:36:36,60.7522,-137.5108,62.55,27,7,2.3
470,Richards Bay,ZA,2022-05-31 18:36:37,-28.783,32.0377,65.16,53,5,13.67
471,Blue Ash,US,2022-05-31 18:36:37,39.232,-84.3783,89.8,53,40,11.5
472,Boa Vista,BR,2022-05-31 18:32:47,2.8197,-60.6733,76.98,83,75,12.66
473,La Ronge,CA,2022-05-31 18:36:38,55.1001,-105.2842,55.62,30,20,23.02
474,Yekaterinoslavka,RU,2022-05-31 18:36:38,50.3734,129.1139,48.27,94,100,5.03
475,Chama,CH,2022-05-31 18:36:39,47.1821,8.4636,61.36,93,75,2.3
476,Paveh,IR,2022-05-31 18:36:40,35.0434,46.3565,69.67,27,23,5.61
477,Waterford,US,2022-05-31 18:36:40,42.7023,-83.4027,89.47,50,75,13.8
478,Trairi,BR,2022-05-31 18:33:57,-3.2778,-39.2689,81.82,78,11,9.4
479,Poum,NC,2022-05-31 18:36:41,-20.2333,164.0167,78.87,80,100,4.92
480,Anloga,GH,2022-05-31 18:36:41,5.7947,0.8973,80.24,79,99,10.76
481,Soyo,AO,2022-05-31 18:36:42,-6.1349,12.3689,74.26,89,0,8.48
482,Port Macquarie,AU,2022-05-31 18:36:43,-31.4333,152.9167,49.89,63,6,8.12
483,Manicore,BR,2022-05-31 18:36:43,-5.8092,-61.3003,87.75,70,40,3.44
484,Grindavik,IS,2022-05-31 18:36:43,63.8424,-22.4338,49.95,93,100,10.36
485,Celendin,PE,2022-05-31 18:36:44,-6.8703,-78.1517,70.32,55,100,5.23
486,Dongying,CN,2022-05-31 18:36:45,37.4564,118.4856,71.42,49,0,9.53
487,Isangel,VU,2022-05-31 18:36:45,-19.55,169.2667,76.44,88,23,5.06
488,Kutum,SD,2022-05-31 18:36:46,14.2,24.6667,84.61,10,92,8.3
489,Gurupa,BR,2022-05-31 18:36:46,-1.405,-51.64,84.29,69,87,2.73
490,Christiana,ZA,2022-05-31 18:36:47,-27.914,25.1611,48.13,26,1,7.54
491,Nicoya,CR,2022-05-31 18:36:47,10.1483,-85.452,85.96,67,96,2.28
492,Hobyo,SO,2022-05-31 18:36:47,5.3505,48.5268,79.12,83,19,24.81
493,Fortuna,US,2022-05-31 18:36:48,40.5982,-124.1573,63.93,72,20,11.5
494,Anadyr,RU,2022-05-31 18:36:48,64.75,177.4833,41.5,80,81,2.24
495,Rocha,UY,2022-05-31 18:36:49,-34.4833,-54.3333,50.52,53,45,8.41
496,Paamiut,GL,2022-05-31 18:36:49,61.994,-49.6678,34.07,93,62,6.8
497,Ewa Beach,US,2022-05-31 18:36:49,21.3156,-158.0072,80.55,66,0,9.22
498,Grand Forks,US,2022-05-31 18:36:50,47.9417,-97.4337,53.53,76,100,24.16
499,Malangwa,NP,2022-05-31 18:36:50,26.8568,85.5581,88.07,53,0,11.27
500,Hualmay,PE,2022-05-31 18:36:51,-11.0964,-77.6139,67.3,70,29,8.72
501,Northam,GB,2022-05-31 18:37:51,51.0333,-4.2167,57.61,67,5,10.0
502,Goderich,CA,2022-05-31 18:37:52,43.7501,-81.7165,80.92,57,11,14.97
503,Safford,US,2022-05-31 18:37:52,32.834,-109.7076,88.11,15,0,4.61
504,Inverell,AU,2022-05-31 18:37:53,-29.7833,151.1167,45.66,88,11,1.01
505,Sitka,US,2022-05-31 18:37:53,57.0531,-135.33,51.69,82,40,3.44
506,Cap-Aux-Meules,CA,2022-05-31 18:37:53,47.3821,-61.8597,48.25,61,40,19.57
507,Lock Haven,US,2022-05-31 18:37:54,41.137,-77.4469,93.69,39,75,9.48
508,Bilibino,RU,2022-05-31 18:37:54,68.0546,166.4372,49.51,71,60,2.01
509,Gogrial,SS,2022-05-31 18:37:55,8.5332,28.1004,86.14,40,97,0.38
510,Nishihara,JP,2022-05-31 18:37:55,26.1842,127.7558,76.68,100,75,12.66
511,Lucapa,AO,2022-05-31 18:37:56,-8.4192,20.7447,70.39,44,2,4.18
512,Panzhihua,CN,2022-05-31 18:37:56,26.5851,101.7128,71.71,86,24,2.1
513,Usuki,JP,2022-05-31 18:37:57,33.1081,131.7878,63.1,56,100,1.54
514,Bilma,NE,2022-05-31 18:37:57,18.6853,12.9164,94.35,6,0,9.04
515,Hue,VN,2022-05-31 18:37:57,16.4667,107.6,78.91,89,20,1.14
516,Scarborough,GB,2022-05-31 18:37:58,54.2797,-0.4044,51.91,86,100,4.7
517,Sierra Vista,US,2022-05-31 18:35:58,31.5545,-110.3037,87.82,15,0,10.36
518,Hailar,CN,2022-05-31 18:36:02,49.2,119.7,48.63,54,100,5.79
519,Abu Road,IN,2022-05-31 18:37:59,24.4833,72.7833,83.8,51,0,8.25
520,Vadastrita,RO,2022-05-31 18:37:59,43.85,24.3333,70.03,56,5,2.66
521,Maroantsetra,MG,2022-05-31 18:37:59,-15.4333,49.7333,70.05,81,14,1.12
522,Vanavara,RU,2022-05-31 18:38:00,60.34,102.2797,45.37,90,100,8.97
523,Vetapalem,IN,2022-05-31 18:38:00,15.7833,80.3167,90.25,55,100,7.56
524,Berdigestyakh,RU,2022-05-31 18:38:01,62.0989,126.6992,49.68,85,100,3.02
525,Cheyenne,US,2022-05-31 18:33:19,41.14,-104.8203,52.12,58,75,18.41
526,Aguimes,ES,2022-05-31 18:38:01,27.9054,-15.4461,72.23,64,20,8.05
527,Orizona,BR,2022-05-31 18:38:02,-17.0314,-48.2958,84.67,27,98,3.49
528,Bozdar,PK,2022-05-31 18:38:02,27.1828,68.636,100.11,22,98,13.8
529,Lunglei,IN,2022-05-31 18:38:03,22.8833,92.7333,67.08,98,100,2.24
530,Gazanjyk,TM,2022-05-31 18:38:03,39.2446,55.5154,85.08,16,0,7.45
531,Myanaung,MM,2022-05-31 18:38:03,18.2833,95.3167,80.24,76,99,6.91
532,Daru,PG,2022-05-31 18:38:04,-9.0763,143.2092,79.07,75,72,7.96
533,Moron,AR,2022-05-31 18:38:04,-34.6534,-58.6198,54.01,45,0,4.32
534,Waingapu,ID,2022-05-31 18:38:05,-9.6567,120.2641,77.41,82,100,2.1
535,Ginir,ET,2022-05-31 18:38:05,7.1333,40.7,60.82,70,65,6.89
536,Ankang,CN,2022-05-31 18:37:10,32.68,109.0172,63.54,96,81,1.61
537,Conceicao Do Araguaia,BR,2022-05-31 18:38:06,-8.2578,-49.2647,88.68,52,99,3.4
538,Paengaroa,NZ,2022-05-31 18:38:06,-37.8167,176.4167,59.92,100,26,1.99
539,Mkushi,ZM,2022-05-31 18:38:07,-13.6202,29.3939,54.3,69,2,3.49
540,Oneonta,US,2022-05-31 18:36:40,42.4529,-75.0638,88.3,54,99,11.5
541,Tuatapere,NZ,2022-05-31 18:38:08,-46.1333,167.6833,50.23,89,100,5.23
542,Alegrete,BR,2022-05-31 18:38:08,-29.7831,-55.7919,52.63,54,6,9.64
543,Kahului,US,2022-05-31 18:34:24,20.8947,-156.47,80.62,66,20,15.01
544,Warrington,GB,2022-05-31 18:38:09,53.3925,-2.5802,57.33,69,20,16.11
545,Opuwo,NA,2022-05-31 18:39:10,-18.0607,13.84,63.52,28,3,8.48
546,Sesheke,ZM,2022-05-31 18:39:10,-17.4759,24.2968,61.59,41,0,6.51
547,San Fernando,PH,2022-05-31 18:39:11,15.0286,120.6898,83.93,80,100,3.31
548,Fortuna Foothills,US,2022-05-31 18:39:11,32.6578,-114.4119,91.22,15,0,6.91
549,Nogales,MX,2022-05-31 18:35:53,31.3086,-110.9422,86.72,15,0,9.22
550,Xichang,CN,2022-05-31 18:39:12,27.8964,102.2634,66.38,92,100,1.03
551,Novyy Urengoy,RU,2022-05-31 18:39:12,66.0833,76.6333,42.73,55,8,15.93
552,Jumla,NP,2022-05-31 18:39:13,29.2747,82.1838,53.83,70,4,3.91
553,Diamantino,BR,2022-05-31 18:39:13,-14.4086,-56.4461,88.75,41,79,7.4
554,Bandarbeyla,SO,2022-05-31 18:39:14,9.4942,50.8122,79.88,82,92,25.81
555,Verbivka,UA,2022-05-31 18:39:14,49.4167,35.5333,62.73,95,100,7.23
556,Hay River,CA,2022-05-31 18:39:13,60.8156,-115.7999,58.96,38,75,9.22
557,Florence,IT,2022-05-31 18:37:37,43.7667,11.25,78.48,57,0,6.91
558,Palana,RU,2022-05-31 18:39:15,59.1167,159.9667,37.76,71,27,6.49
559,Nome,US,2022-05-31 18:39:16,64.5011,-165.4064,58.15,70,0,4.61
560,High Rock,BS,2022-05-31 18:39:16,26.6208,-78.2833,80.62,73,100,8.05
561,Ambovombe,MG,2022-05-31 18:39:17,-25.1667,46.0833,67.03,73,0,3.06
562,Sillod,IN,2022-05-31 18:39:17,20.3,75.65,87.85,34,12,12.1
563,Carballo,ES,2022-05-31 18:39:17,43.213,-8.691,65.89,90,99,3.13
564,Bath,GB,2022-05-31 18:39:18,51.3779,-2.3591,60.06,69,53,10.49
565,Bathsheba,BB,2022-05-31 18:39:18,13.2167,-59.5167,88.41,62,40,14.97
566,Puerto Del Rosario,ES,2022-05-31 18:39:19,28.5004,-13.8627,80.35,50,20,9.22
567,Elizabeth City,US,2022-05-31 18:39:19,36.2946,-76.2511,94.05,47,40,0.0
568,Sibolga,ID,2022-05-31 18:39:20,1.7427,98.7792,75.36,90,24,2.64
569,Cockburn Town,TC,2022-05-31 18:39:20,21.4612,-71.1419,80.58,78,32,17.54
570,Jamuria,IN,2022-05-31 18:39:21,23.7,87.0833,88.2,58,1,10.29
571,Sioux Lookout,CA,2022-05-31 18:39:21,50.1001,-91.917,57.27,94,100,12.66
572,Te Anau,NZ,2022-05-31 18:39:22,-45.4167,167.7167,48.24,93,95,2.98
573,Copiapo,CL,2022-05-31 18:38:39,-27.3667,-70.3333,55.09,43,100,6.51
574,Joao Pinheiro,BR,2022-05-31 18:39:23,-17.7425,-46.1725,84.02,30,100,0.98
575,Abancay,PE,2022-05-31 18:39:23,-13.6339,-72.8814,68.32,53,99,6.51
576,Inndyr,NO,2022-05-31 18:39:24,67.0338,14.0276,62.64,70,86,7.09
577,Port Hedland,AU,2022-05-31 18:39:24,-20.3167,118.5667,57.25,94,100,14.97
578,Kamina,CD,2022-05-31 18:39:25,-8.7386,24.9906,65.8,62,0,4.94
579,Dedougou,BF,2022-05-31 18:39:25,12.4667,-3.4667,90.19,37,29,11.95
580,Sorland,NO,2022-05-31 18:39:26,67.667,12.6934,53.46,79,15,10.47
581,Nsanje,MW,2022-05-31 18:39:26,-16.92,35.262,64.35,68,0,2.42
582,San Bartolome,ES,2022-05-31 18:39:26,27.9248,-15.5733,64.87,73,20,8.05
583,Vao,NC,2022-05-31 18:39:27,-22.6667,167.4833,76.57,86,24,12.71
